{
  "face_match": 0.1298647674608778,
  "fingerprint_verified": 0.2225143369758741,
  "behavior_anomaly": 0.01694724252471853,
  "keystroke_anomaly": 0.008361398825861377
}